,phase,epoch,loss,accuracy,balanced-accuracy
0,train,0,3.4139113809271526,0.6997423768043518,0.7003959128517455
1,val,0,3.2706514202800347,0.7755229473114014,0.7268355386489515
